"unlist.liste_url_videos.";"unlist.liste_noms_utilisateurs.";"unlist.liste_liens_utilisateurs.";"unlist.liste_likes.";"unlist.liste_nb_commentaires.";"unlist.liste_nb_signets."
"https://www.tiktok.com/@flurrex.x/video/7295416412854570247";"flurrex.x";"https://www.tiktok.com/@flurrex.x?lang=en";"185.6K";"552";"25.2K"
"https://www.tiktok.com/@hoaduong5795/video/7295749268587973889";"hoaduong5795";"https://www.tiktok.com/@hoaduong5795?lang=en";"1632";"1";"9"
"https://www.tiktok.com/@muichiro_tok1to13/video/7296428476603616530";"muichiro_tok1to13";"https://www.tiktok.com/@muichiro_tok1to13?lang=en";"99";"1";"15"
"https://www.tiktok.com/@anime67284/video/7295568145761258758";"anime67284";"https://www.tiktok.com/@anime67284?lang=en";"84";"0";"16"
"https://www.tiktok.com/@vernicaosorio6/video/7296103682209271046";"vernicaosorio6";"https://www.tiktok.com/@vernicaosorio6?lang=en";"68";"9";"0"
"https://www.tiktok.com/@user51ltscn6zd/video/7295485666605960454";"user51ltscn6zd";"https://www.tiktok.com/@user51ltscn6zd?lang=en";NA;NA;NA
"https://www.tiktok.com/@badbomp/video/7297594074586991905";"badbomp";"https://www.tiktok.com/@badbomp?lang=en";NA;NA;NA
"https://www.tiktok.com/@aymendkhili61/video/7295451251964431622";"aymendkhili61";"https://www.tiktok.com/@aymendkhili61?lang=en";NA;NA;NA
"https://www.tiktok.com/@damian.gonzalez052/video/7295608969098218757";"damian.gonzalez052";"https://www.tiktok.com/@damian.gonzalez052?lang=en";NA;NA;NA
"https://www.tiktok.com/@zlore1/video/7296109656970104066";"zlore1";"https://www.tiktok.com/@zlore1?lang=en";NA;NA;NA
"https://www.tiktok.com/@hoshi_katski_24/video/7295661158856527109";"hoshi_katski_24";"https://www.tiktok.com/@hoshi_katski_24?lang=en";"25";"0";"7"
"https://www.tiktok.com/@kenkaneki850/video/7295673938351230210";"kenkaneki850";"https://www.tiktok.com/@kenkaneki850?lang=en";"23";"0";"0"
"https://www.tiktok.com/@playboy215231/video/7295594699677617415";"playboy215231";"https://www.tiktok.com/@playboy215231?lang=en";"21";"1";"2"
"https://www.tiktok.com/@ai_9772/video/7295761113864572161";"ai_9772";"https://www.tiktok.com/@ai_9772?lang=en";"20";"0";"7"
"https://www.tiktok.com/@yexirettrias3/video/7295500186632097029";"yexirettrias3";"https://www.tiktok.com/@yexirettrias3?lang=en";"19";"0";"0"
"https://www.tiktok.com/@yall_i_am_mb/video/7295675547982564614";"yall_i_am_mb";"https://www.tiktok.com/@yall_i_am_mb?lang=en";"15";"0";"1"
"https://www.tiktok.com/@user6068653965161/video/7295571965299952902";"user6068653965161";"https://www.tiktok.com/@user6068653965161?lang=en";"13";"0";"1"
"https://www.tiktok.com/@cantiizdlby/video/7296901893484317958";"cantiizdlby";"https://www.tiktok.com/@cantiizdlby?lang=en";"12";"0";"0"
"https://www.tiktok.com/@osama_466/video/7295645500869446918";"osama_466";"https://www.tiktok.com/@osama_466?lang=en";"12";"3";"0"
"https://www.tiktok.com/@originalgokublack/video/7299656293747297542";"originalgokublack";"https://www.tiktok.com/@originalgokublack?lang=en";"9";"0";"0"
"https://www.tiktok.com/@jaker2230/video/7296309118598483246";"jaker2230";"https://www.tiktok.com/@jaker2230?lang=en";"8";"0";"0"
"https://www.tiktok.com/@theus.vm/video/7296241837168151814";"theus.vm";"https://www.tiktok.com/@theus.vm?lang=en";"8";"2";"0"
"https://www.tiktok.com/@chit.pu.ye.opa/video/7295597162937732370";"chit.pu.ye.opa";"https://www.tiktok.com/@chit.pu.ye.opa?lang=en";"8";"0";"0"
"https://www.tiktok.com/@meliodas.0401/video/7295537734486297861";"meliodas.0401";"https://www.tiktok.com/@meliodas.0401?lang=en";"7";"1";"0"
"https://www.tiktok.com/@ultradex.b22/video/7297532479299243269";"ultradex.b22";"https://www.tiktok.com/@ultradex.b22?lang=en";"4";"0";"1"
"https://www.tiktok.com/@burayi12/video/7295701979425279237";"burayi12";"https://www.tiktok.com/@burayi12?lang=en";"4";"0";"0"
"https://www.tiktok.com/@enkhjargalariunbu/video/7295568530316086530";"enkhjargalariunbu";"https://www.tiktok.com/@enkhjargalariunbu?lang=en";"4";"0";"0"
"https://www.tiktok.com/@user6068653965161/video/7297462048726830342";"user6068653965161";"https://www.tiktok.com/@user6068653965161?lang=en";"3";"0";"1"
"https://www.tiktok.com/@yohan28120778/video/7296337454041189637";"yohan28120778";"https://www.tiktok.com/@yohan28120778?lang=en";"3";"0";"0"
"https://www.tiktok.com/@pimain870/video/7295671231863442696";"pimain870";"https://www.tiktok.com/@pimain870?lang=en";"3";"0";"0"
"https://www.tiktok.com/@user13084070745190/video/7295718644720340267";"user13084070745190";"https://www.tiktok.com/@user13084070745190?lang=en";"2";"0";"1"
"https://www.tiktok.com/@craki_45/video/7295594759324798213";"craki_45";"https://www.tiktok.com/@craki_45?lang=en";"3";"0";"0"
"https://www.tiktok.com/@user3151546826033/video/7298877338492669190";"user3151546826033";"https://www.tiktok.com/@user3151546826033?lang=en";"1";"0";"0"
"https://www.tiktok.com/@pelistar5/video/7298545113255431430";"pelistar5";"https://www.tiktok.com/@pelistar5?lang=en";"0";"0";"0"
"https://www.tiktok.com/@inday138/video/7296286622100835590";"inday138";"https://www.tiktok.com/@inday138?lang=en";"1";"0";"1"
"https://www.tiktok.com/@burayi12/video/7296099453545598214";"burayi12";"https://www.tiktok.com/@burayi12?lang=en";"1";"0";"0"
"https://www.tiktok.com/@armany.lopez/video/7295716718671023406";"armany.lopez";"https://www.tiktok.com/@armany.lopez?lang=en";"0";"0";"0"
"https://www.tiktok.com/@itakey1025/video/7295704027075988744";"itakey1025";"https://www.tiktok.com/@itakey1025?lang=en";"1";"0";"0"
"https://www.tiktok.com/@animetik10/video/7295669952890064129";"animetik10";"https://www.tiktok.com/@animetik10?lang=en";"1";"0";"0"
"https://www.tiktok.com/@kevin_giraldo1/video/7295602873491148038";"kevin_giraldo1";"https://www.tiktok.com/@kevin_giraldo1?lang=en";"1";"0";"0"
